<?xml version="1.0" encoding="UTF-8"?>
<MyGUI type="List">
	<List file="EditorTheme.xml"/>
	<List file="EditorLanguage.xml"/>
	<List file="MessageBoxResources.xml"/>
	<List file="MyGUI_Fonts.xml"/>
	<List file="MyGUI_Images.xml"/>
	<List file="MyGUI_CommonSkins.xml"/>
	<List file="MyGUI_BlackOrangeTheme.xml"/>
	<List file="MyGUI_Pointers.xml"/>
	<List file="MyGUI_Layers.xml"/>
	<List file="MyGUI_Settings.xml"/>
	<List file="SelectionSkins.xml"/>
	<List file="TextureViewerSkins.xml"/>
</MyGUI>
