<?xml version="1.0" encoding="UTF-8"?>

<MyGUI type="ControllerTypes">
	<Controller name="ControllerEdgeHide">
		<Property key="Time" type="1 float"/>
		<Property key="RemainPixels" type="1 int"/>
		<Property key="ShadowSize" type="1 int"/>
	</Controller>
	<Controller name="ControllerFadeAlpha">
		<Property key="Alpha" type="1 float"/>
		<Property key="Coef" type="1 float"/>
		<Property key="Enabled" type="Bool"/>
	</Controller>
	<Controller name="ControllerPosition">
		<Property key="Time" type="1 float"/>
		<Property key="Coord" type="4 int"/>
		<Property key="Size" type="2 int"/>
		<Property key="Position" type="2 int"/>
		<Property key="Function" type="Function"/>
	</Controller>
	<!-- Controller name="ControllerRandomSelected"/ -->
	<!-- Controller name="ControllerRandomProgress"/ -->
</MyGUI>
