<?xml version="1.0" encoding="UTF-8"?>

<MyGUI type="Resource" version="1.1">

	<Resource type="ResourcePointerContext" name="ptrx_Normal">
		<Property key="Level">Normal</Property>
		<Map>
			<Item name="default">ptr_Normal</Item>
			<Item name="enemy">ptr_FlagRed</Item>
			<Item name="friend">ptr_FlagGreen</Item>
		</Map>
	</Resource>

	<Resource type="ResourcePointerContext" name="ptrx_Busy">
		<Property key="Level">High</Property>
		<Map>
			<Item name="default">ptr_Busy</Item>
		</Map>
	</Resource>

	<Resource type="ResourcePointerContext" name="ptrx_Repair">
		<Property key="Level">Normal</Property>
		<Map>
			<Item name="default">ptr_Repair</Item>
			<Item name="enemy">ptr_Failed</Item>
			<Item name="friend">ptr_Repair2</Item>
		</Map>
	</Resource>

	<Resource type="ResourcePointerContext" name="ptrx_Attack">
		<Property key="Level">Normal</Property>
		<Map>
			<Item name="default">ptr_Attack</Item>
			<Item name="enemy">ptr_Attack2</Item>
			<Item name="friend">ptr_Failed</Item>
		</Map>
	</Resource>

</MyGUI>
